Activity Type,Date,Favorite,Title,Distance,Calories,Time,Avg HR,Max HR,Aerobic TE,Avg Run Cadence,Max Run Cadence,Avg Speed,Max Speed,Total Ascent,Total Descent,Avg Stride Length,Avg Vertical Ratio,Avg Vertical Oscillation,Avg Ground Contact Time,Avg Bike Cadence,Max Bike Cadence,Training Stress ScoreÂ®,Avg Power,Max Power,Grit,Flow,Avg. Swolf,Avg Stroke Rate,Total Reps,Total Sets,Dive Time,Min Temp,Surface Interval,Decompression,Best Lap Time,Number of Laps,Max Temp,Moving Time,Elapsed Time,Min Elevation,Max Elevation
Indoor Cycling,2022-11-09 14:09:06,false,"Indoor Cycling","0.00","72","00:15:01","98","123","0.3","0","0","--","--","--","--","0.00","0.0","0.0","0","0","0","0.0","0","0","0.0","0.0","0","0","0","--","0:00","0.0","0:00","No","15:01.49.2","1","0.0","00:00:00","00:15:02","--","--"
Running,2022-11-06 07:17:05,false,"York Running","20.01","1,261","01:44:44","159","182","4.8","180","188","5:14","4:08","107","115","1.06","0.0","0.0","0","0","0","0.0","0","0","0.0","0.0","0","0","0","--","0:00","0.0","0:00","No","00:03.59.1","21","0.0","01:44:33","01:45:18","7","46"
Running,2022-11-04 17:05:40,false,"York Running","1.50","103","00:07:56.7","169","184","2.3","168","186","5:17","3:52","9","9","1.13","0.0","0.0","0","0","0","0.0","0","0","0.0","0.0","0","0","0","--","0:00","0.0","0:00","No","02:33.72.2","2","0.0","00:07:35","00:08:08.7","12","25"
Running,2022-11-04 16:58:55,false,"York - 5 x 400","1.41","76","00:06:21.8","160","180","1.9","170","198","4:32","3:11","2","--","1.27","0.0","0.0","0","0","0","0.0","0","0","0.0","0.0","0","0","0","--","0:00","0.0","0:00","No","00:06.23.9","6","0.0","00:06:20.3","00:06:21.8","7","14"
Running,2022-11-04 16:43:32,false,"York Running","3.04","149","00:12:15","140","164","2.6","175","194","4:02","3:27","6","17","1.42","0.0","0.0","0","0","0","0.0","0","0","0.0","0.0","0","0","0","--","0:00","0.0","0:00","No","00:08.85.7","4","0.0","00:12:11","00:13:49","11","25"
Running,2022-11-03 16:34:25,false,"York Running","8.74","541","00:45:04","145","164","3.7","172","184","5:09","3:49","48","49","1.13","0.0","0.0","0","0","0","0.0","0","0","0.0","0.0","0","0","0","--","0:00","0.0","0:00","No","03:50.41.9","9","0.0","00:44:56","00:45:19","7","25"
Running,2022-11-01 06:58:26,false,"York Running","1.01","67","00:05:15.1","168","176","1.8","176","184","5:13","5:02","10","4","1.09","0.0","0.0","0","0","0","0.0","0","0","0.0","0.0","0","0","0","--","0:00","0.0","0:00","No","00:01.68.5","2","0.0","00:05:14.7","00:05:15.1","12","25"
Running,2022-11-01 06:23:56,false,"York - 1.5km - 2 x 1km - 1.5km","7.02","420","00:32:51","166","192","3.6","176","234","4:41","3:29","25","33","1.21","0.0","0.0","0","0","0","0.0","0","0","0.0","0.0","0","0","0","--","0:00","0.0","0:00","No","00:05.96.4","11","0.0","00:32:47","00:33:46","5","25"
Running,2022-10-31 16:51:32,false,"York Running","8.01","501","00:41:50","157","192","3.5","169","229","5:13","3:55","35","37","1.14","0.0","0.0","0","0","0","0.0","0","0","0.0","0.0","0","0","0","--","0:00","0.0","0:00","No","00:04.00.2","9","0.0","00:41:24","00:43:27","5","25"
Indoor Cycling,2022-10-31 12:43:14,false,"Indoor Cycling","0.00","60","00:15:07","93","116","0.1","0","0","--","--","--","--","0.00","0.0","0.0","0","0","0","0.0","0","0","0.0","0.0","0","0","0","--","0:00","0.0","0:00","No","15:06.98.9","1","0.0","00:00:00","00:15:07","--","--"
Running,2022-10-30 06:48:58,false,"York Running","18.01","1,145","01:32:03","169","184","4.8","175","184","5:07","4:09","104","110","1.12","0.0","0.0","0","0","0","0.0","0","0","0.0","0.0","0","0","0","--","0:00","0.0","0:00","No","00:02.09.8","19","0.0","01:31:32","01:32:45","5","43"
Running,2022-10-28 18:37:17,false,"York Running","6.18","367","00:30:03","136","176","3.4","170","182","4:52","4:02","30","32","1.21","0.0","0.0","0","0","0","0.0","0","0","0.0","0.0","0","0","0","--","0:00","0.0","0:00","No","00:51.80.3","7","0.0","00:29:52","00:30:14","10","26"
Running,2022-10-27 06:53:43,false,"York Running","1.52","96","00:07:36.5","168","184","2.2","178","217","5:00","3:10","17","14","1.12","0.0","0.0","0","0","0","0.0","0","0","0.0","0.0","0","0","0","--","0:00","0.0","0:00","No","02:16.67.3","2","0.0","00:07:24.7","00:07:36.5","12","25"
Running,2022-10-27 06:40:21,false,"York - 2x1k (500)","2.84","155","00:12:54","141","160","2.5","173","192","4:32","3:35","10","19","1.26","0.0","0.0","0","0","0","0.0","0","0","0.0","0.0","0","0","0","--","0:00","0.0","0:00","No","00:07.86.4","5","0.0","00:12:42","00:12:54","10","25"
Running,2022-10-26 07:32:16,false,"York Running","9.01","565","00:46:23","166","191","3.8","173","242","5:09","3:54","32","61","1.12","0.0","0.0","0","0","0","0.0","0","0","0.0","0.0","0","0","0","--","0:00","0.0","0:00","No","00:03.23.6","10","0.0","00:46:01","00:47:30","5","43"
Cycling,2022-10-25 17:25:27,false,"York Cycling","6.02","168","00:21:39","124","151","1.4","0","0","16.7","33.9","42","36","0.00","0.0","0.0","0","0","0","0.0","0","0","0.0","0.0","0","0","0","--","0:00","0.0","0:00","No","21:39.33.2","1","0.0","00:21:12","00:21:39","5","33"
Cycling,2022-10-25 07:19:10,false,"York Cycling","5.95","116","00:22:23","104","132","0.4","0","0","15.9","27.3","42","43","0.00","0.0","0.0","0","0","0","0.0","0","0","0.0","0.0","0","0","0","--","0:00","0.0","0:00","No","22:23.44.2","1","0.0","00:21:13","00:22:23","5","33"
Running,2022-10-24 17:09:59,false,"York Running","3.02","183","00:14:26","154","169","2.8","169","184","4:47","3:55","35","44","1.24","0.0","0.0","0","0","0","0.0","0","0","0.0","0.0","0","0","0","--","0:00","0.0","0:00","No","00:04.11.7","4","0.0","00:14:15","00:15:48","11","33"
Running,2022-10-24 16:45:42,false,"York Running","5.01","287","00:22:10","140","162","3.3","171","186","4:25","3:03","13","28","1.32","0.0","0.0","0","0","0","0.0","0","0","0.0","0.0","0","0","0","--","0:00","0.0","0:00","No","00:01.63.6","6","0.0","00:22:00","00:23:47","6","25"
Indoor Cycling,2022-10-24 11:43:31,false,"Indoor Cycling","0.00","57","00:15:18","90","109","0.1","0","0","--","--","--","--","0.00","0.0","0.0","0","0","0","0.0","0","0","0.0","0.0","0","0","0","--","0:00","0.0","0:00","No","15:17.59.8","1","0.0","00:00:00","00:15:18","--","--"
Running,2022-10-23 07:19:08,false,"York Running","16.02","1,009","01:23:57","169","188","4.6","172","184","5:14","4:13","80","90","1.11","0.0","0.0","0","0","0","0.0","0","0","0.0","0.0","0","0","0","--","0:00","0.0","0:00","No","00:04.06.4","17","0.0","01:23:33","01:24:55","5","31"
Running,2022-10-21 12:10:55,false,"York Running","0.25","16","00:01:29.3","170","173","0.3","157","172","5:59","5:20","--","--","1.07","0.0","0.0","0","0","0","0.0","0","0","0.0","0.0","0","0","0","--","0:00","0.0","0:00","No","01:29.26.3","1","0.0","00:01:28","00:01:29.3","22","25"
Running,2022-10-21 11:39:28,false,"York Running","6.20","376","00:30:02","172","195","3.7","170","180","4:51","3:53","40","43","1.21","0.0","0.0","0","0","0","0.0","0","0","0.0","0.0","0","0","0","--","0:00","0.0","0:00","No","01:02.43.3","7","0.0","00:29:56","00:30:02","8","24"
Running,2022-10-20 06:45:48,false,"York Running","2.50","161","00:12:44","178","191","2.9","172","186","5:05","3:53","18","13","1.14","0.0","0.0","0","0","0","0.0","0","0","0.0","0.0","0","0","0","--","0:00","0.0","0:00","No","02:20.15.4","3","0.0","00:12:43","00:12:44","9","25"
Running,2022-10-20 06:31:28,false,"York Running","3.01","162","00:13:30","154","195","2.9","177","186","4:29","3:55","13","17","1.26","0.0","0.0","0","0","0","0.0","0","0","0.0","0.0","0","0","0","--","0:00","0.0","0:00","No","00:02.02","4","0.0","00:13:19","00:13:30","9","25"
Running,2022-10-19 07:35:12,false,"York Running","6.84","420","00:35:01","149","179","3.4","172","186","5:07","3:49","42","53","1.14","0.0","0.0","0","0","0","0.0","0","0","0.0","0.0","0","0","0","--","0:00","0.0","0:00","No","03:37.00.7","7","0.0","00:34:41","00:36:38","7","25"
Indoor Cycling,2022-10-18 11:46:37,false,"Indoor Cycling","0.00","85","00:25:02","89","110","0.1","0","0","--","--","--","--","0.00","0.0","0.0","0","0","0","0.0","0","0","0.0","0.0","0","0","0","--","0:00","0.0","0:00","No","25:01.73.4","1","0.0","00:00:00","00:26:43","--","--"
Running,2022-10-17 12:05:27,false,"York Running","6.14","384","00:30:02","166","190","3.7","171","180","4:53","3:44","23","26","1.19","0.0","0.0","0","0","0","0.0","0","0","0.0","0.0","0","0","0","--","0:00","0.0","0:00","No","00:40.03","7","0.0","00:29:57","00:30:32","10","25"
Running,2022-10-16 13:07:24,false,"Sheffield Running","1.00","88","00:07:10.2","167","178","2.0","165","176","7:10","6:07","20","18","0.85","0.0","0.0","0","0","0","0.0","0","0","0.0","0.0","0","0","0","--","0:00","0.0","0:00","No","07:10.19.9","1","0.0","00:05:48","00:07:10.2","104","129"
Running,2022-10-16 12:31:38,false,"Sheffield Running","6.83","437","00:32:04","170","191","3.9","177","210","4:42","2:44","139","139","1.20","0.0","0.0","0","0","0","0.0","0","0","0.0","0.0","0","0","0","--","0:00","0.0","0:00","No","03:57.74.9","7","0.0","00:32:02","00:32:04","90","132"
Running,2022-10-16 11:44:35,false,"Sheffield Running","0.86","58","00:05:14.1","150","165","1.1","162","170","6:04","4:56","19","23","1.01","0.0","0.0","0","0","0","0.0","0","0","0.0","0.0","0","0","0","--","0:00","0.0","0:00","No","05:14.05.3","1","0.0","00:05:13","00:05:14.1","102","129"
Indoor Cycling,2022-10-15 12:44:33,false,"Indoor Cycling","0.00","69","00:15:01","97","122","0.3","0","0","--","--","--","--","0.00","0.0","0.0","0","0","0","0.0","0","0","0.0","0.0","0","0","0","--","0:00","0.0","0:00","No","15:01.02.5","1","0.0","00:00:00","00:17:12","--","--"
Running,2022-10-13 12:15:41,false,"York Running","1.01","59","00:04:26.4","153","165","1.9","171","184","4:24","3:34","--","10","1.33","0.0","0.0","0","0","0","0.0","0","0","0.0","0.0","0","0","0","--","0:00","0.0","0:00","No","00:01.75.6","2","0.0","00:04:25.6","00:04:26.4","13","26"
Running,2022-10-13 12:05:25,false,"York Running","2.01","123","00:09:25.2","159","171","2.4","166","184","4:41","3:51","9","14","1.28","0.0","0.0","0","0","0","0.0","0","0","0.0","0.0","0","0","0","--","0:00","0.0","0:00","No","00:01.57","3","0.0","00:09:10","00:09:38.3","10","22"
Running,2022-10-13 11:53:57,false,"York Running","2.68","151","00:11:04","153","168","2.7","172","184","4:08","3:34","6","17","1.40","0.0","0.0","0","0","0","0.0","0","0","0.0","0.0","0","0","0","--","0:00","0.0","0:00","No","02:49.33.7","3","0.0","00:10:59","00:11:06","11","25"
Running,2022-10-12 07:15:25,false,"York Running","6.00","391","00:31:06","162","191","3.4","170","237","5:11","3:54","37","37","1.14","0.0","0.0","0","0","0","0.0","0","0","0.0","0.0","0","0","0","--","0:00","0.0","0:00","No","00:01.12","7","0.0","00:30:50","00:34:00","7","25"
Running,2022-10-12 06:58:27,false,"York Running","2.82","162","00:13:34","148","190","2.5","169","178","4:48","3:56","20","24","1.23","0.0","0.0","0","0","0","0.0","0","0","0.0","0.0","0","0","0","--","0:00","0.0","0:00","No","03:57.30.7","3","0.0","00:13:10","00:14:44","12","24"
Running,2022-10-11 07:23:48,false,"York Running","1.01","68","00:05:14.0","171","181","1.9","169","178","5:12","4:51","13","3","1.14","0.0","0.0","0","0","0","0.0","0","0","0.0","0.0","0","0","0","--","0:00","0.0","0:00","No","00:01.58.8","2","0.0","00:05:13.6","00:05:14.0","11","24"
Running,2022-10-11 07:05:48,false,"York Running","4.01","237","00:17:21","165","186","3.2","174","184","4:19","3:22","25","16","1.33","0.0","0.0","0","0","0","0.0","0","0","0.0","0.0","0","0","0","--","0:00","0.0","0:00","No","00:03.47","5","0.0","00:17:19","00:17:21","10","24"
Running,2022-10-11 07:00:33,false,"York Running","1.01","53","00:04:44.1","132","147","1.4","166","176","4:40","3:59","--","11","1.29","0.0","0.0","0","0","0","0.0","0","0","0.0","0.0","0","0","0","--","0:00","0.0","0:00","No","00:03.36.8","2","0.0","00:04:43","00:04:44.1","13","25"
Running,2022-10-10 12:07:07,false,"York Running","6.57","390","00:30:02","161","187","3.8","171","184","4:34","4:00","43","45","1.28","0.0","0.0","0","0","0","0.0","0","0","0.0","0.0","0","0","0","--","0:00","0.0","0:00","No","02:33.63","7","0.0","00:29:47","00:31:12","7","25"
Running,2022-10-09 07:32:46,false,"York Running","14.40","941","01:13:45","166","191","4.7","170","182","5:07","4:09","85","87","1.15","0.0","0.0","0","0","0","0.0","0","0","0.0","0.0","0","0","0","--","0:00","0.0","0:00","No","01:59.36.1","15","0.0","01:13:17","01:15:12","5","34"
Indoor Cycling,2022-10-08 11:54:11,false,"Indoor Cycling","0.00","65","00:20:01","86","101","0.1","0","0","--","--","--","--","0.00","0.0","0.0","0","0","0","0.0","0","0","0.0","0.0","0","0","0","--","0:00","0.0","0:00","No","20:00.56.2","1","0.0","00:00:00","00:20:01","--","--"
Running,2022-10-07 12:25:01,false,"York Running","0.73","52","00:03:41.1","175","187","1.9","163","174","5:01","4:10","7","15","1.22","0.0","0.0","0","0","0","0.0","0","0","0.0","0.0","0","0","0","--","0:00","0.0","0:00","No","03:41.14.7","1","0.0","00:03:41","00:03:41.1","13","29"
Running,2022-10-07 12:06:31,false,"York Running","3.81","215","00:16:26","162","189","3.0","169","192","4:19","3:23","18","17","1.37","0.0","0.0","0","0","0","0.0","0","0","0.0","0.0","0","0","0","--","0:00","0.0","0:00","No","00:02.26.3","8","0.0","00:16:20","00:17:47","11","25"
Running,2022-10-07 12:01:19,false,"York Running","1.06","53","00:04:57.8","124","138","1.2","163","172","4:41","3:55","--","9","1.31","0.0","0.0","0","0","0","0.0","0","0","0.0","0.0","0","0","0","--","0:00","0.0","0:00","No","00:18.55.8","2","0.0","00:04:57.2","00:04:57.8","13","25"
Running,2022-10-06 11:51:39,false,"York Running","6.19","380","00:30:05","143","162","3.3","170","180","4:52","3:55","39","42","1.21","0.0","0.0","0","0","0","0.0","0","0","0.0","0.0","0","0","0","--","0:00","0.0","0:00","No","00:46.86.8","7","0.0","00:29:42","00:30:12","8","26"
Running,2022-10-04 16:05:43,false,"York Running","5.01","304","00:24:13","150","170","3.3","166","178","4:50","4:12","24","25","1.25","0.0","0.0","0","0","0","0.0","0","0","0.0","0.0","0","0","0","--","0:00","0.0","0:00","No","00:02.54.9","6","0.0","00:23:53","00:25:58","10","25"
Running,2022-10-03 15:56:52,false,"York Running","6.07","382","00:28:16","175","194","3.8","169","180","4:40","3:41","32","34","1.27","0.0","0.0","0","0","0","0.0","0","0","0.0","0.0","0","0","0","--","0:00","0.0","0:00","No","00:18.08.6","7","0.0","00:28:10","00:29:48","10","25"
Indoor Cycling,2022-10-03 11:45:41,false,"Indoor Cycling","0.00","105","00:20:07","102","126","0.4","0","0","--","--","--","--","0.00","0.0","0.0","0","0","0","0.0","0","0","0.0","0.0","0","0","0","--","0:00","0.0","0:00","No","20:07.08.9","1","0.0","00:00:00","00:20:48","--","--"
Running,2022-10-02 07:28:51,false,"York Running","13.01","930","01:06:34","178","198","5.0","170","180","5:07","4:23","50","50","1.15","0.0","0.0","0","0","0","0.0","0","0","0.0","0.0","0","0","0","--","0:00","0.0","0:00","No","00:01.36.8","14","0.0","01:06:13","01:09:05","5","26"
Running,2022-09-30 12:00:49,false,"York Running","0.22","17","00:01:17.5","165","171","0.4","152","167","5:59","5:17","--","25","1.10","0.0","0.0","0","0","0","0.0","0","0","0.0","0.0","0","0","0","--","0:00","0.0","0:00","No","01:17.51.7","1","0.0","00:01:17","00:01:17.5","22","47"
Running,2022-09-30 11:50:20,false,"York Running","2.01","131","00:09:00.3","174","185","2.7","169","184","4:29","3:33","5","6","1.31","0.0","0.0","0","0","0","0.0","0","0","0.0","0.0","0","0","0","--","0:00","0.0","0:00","No","00:01.81.2","3","0.0","00:08:50.7","00:09:32.8","13","24"
Running,2022-09-30 11:37:51,false,"York Running","2.76","156","00:12:07","148","186","2.5","172","190","4:24","3:21","7","20","1.32","0.0","0.0","0","0","0","0.0","0","0","0.0","0.0","0","0","0","--","0:00","0.0","0:00","No","01:32.97.8","5","0.0","00:12:05","00:12:07","10","25"
Running,2022-09-28 12:23:29,false,"York Running","0.44","32","00:02:24.7","168","182","0.8","161","170","5:32","4:39","5","--","1.13","0.0","0.0","0","0","0","0.0","0","0","0.0","0.0","0","0","0","--","0:00","0.0","0:00","No","02:24.71.6","1","0.0","00:02:24","00:02:24.7","19","25"
Running,2022-09-28 11:51:32,false,"York Running","6.36","410","00:30:01","164","193","3.6","168","178","4:43","3:51","29","39","1.26","0.0","0.0","0","0","0","0.0","0","0","0.0","0.0","0","0","0","--","0:00","0.0","0:00","No","01:38.05.6","7","0.0","00:29:47","00:31:21","10","24"
Running,2022-09-27 07:04:43,false,"York Running","0.18","13","00:01:01.0","158","167","0.3","154","174","5:43","4:58","--","--","1.14","0.0","0.0","0","0","0","0.0","0","0","0.0","0.0","0","0","0","--","0:00","0.0","0:00","No","01:00.97.9","1","0.0","00:01:01.0","00:01:01.0","17","24"
Running,2022-09-27 06:54:13,false,"York Running","2.01","137","00:09:34.0","162","172","2.6","174","186","4:46","4:00","30","8","1.21","0.0","0.0","0","0","0","0.0","0","0","0.0","0.0","0","0","0","--","0:00","0.0","0:00","No","00:01.96.5","3","0.0","00:09:31.5","00:09:34.0","-0","24"
Running,2022-09-27 06:43:12,false,"York Running","2.51","139","00:10:32","145","164","2.5","175","190","4:12","3:06","11","22","1.36","0.0","0.0","0","0","0","0.0","0","0","0.0","0.0","0","0","0","--","0:00","0.0","0:00","No","00:01.45.7","5","0.0","00:10:26","00:10:32","11","25"
Running,2022-09-26 12:21:04,false,"York Running","0.34","25","00:01:51.9","166","181","0.9","160","172","5:29","4:41","--","--","1.14","0.0","0.0","0","0","0","0.0","0","0","0.0","0.0","0","0","0","--","0:00","0.0","0:00","No","01:51.89.3","1","0.0","00:01:45","00:02:28.2","22","25"
Running,2022-09-26 11:50:55,false,"York Running","6.06","408","00:28:42","169","195","3.9","166","186","4:44","3:21","29","36","1.27","0.0","0.0","0","0","0","0.0","0","0","0.0","0.0","0","0","0","--","0:00","0.0","0:00","No","00:04.67.5","8","0.0","00:28:19","00:29:38","8","25"
Running,2022-09-25 08:49:30,false,"York Running","0.23","16","00:01:19.0","137","141","0.4","159","176","5:50","5:08","--","--","1.08","0.0","0.0","0","0","0","0.0","0","0","0.0","0.0","0","0","0","--","0:00","0.0","0:00","No","01:19.00","1","0.0","00:01:19","00:01:19.0","22","26"
Running,2022-09-25 07:47:26,false,"York Running","12.01","784","01:01:05","151","165","4.2","169","184","5:05","4:04","64","68","1.17","0.0","0.0","0","0","0","0.0","0","0","0.0","0.0","0","0","0","--","0:00","0.0","0:00","No","00:02.25.6","13","0.0","01:00:26","01:01:30","5","25"
Running,2022-09-22 16:35:04,false,"York Running","1.01","75","00:05:01.2","188","194","2.2","166","176","4:59","3:49","10","9","1.21","0.0","0.0","0","0","0","0.0","0","0","0.0","0.0","0","0","0","--","0:00","0.0","0:00","No","00:01.50.6","2","0.0","00:04:51","00:05:04.2","13","25"
Running,2022-09-22 16:17:51,false,"York Running","3.53","202","00:14:50","153","191","3.1","171","188","4:12","3:15","17","21","1.39","0.0","0.0","0","0","0","0.0","0","0","0.0","0.0","0","0","0","--","0:00","0.0","0:00","No","00:06.92.1","5","0.0","00:14:35","00:16:37","8","25"
Indoor Cycling,2022-09-21 12:12:12,false,"Indoor Cycling","0.00","45","00:12:00","89","103","0.1","0","0","--","--","--","--","0.00","0.0","0.0","0","0","0","0.0","0","0","0.0","0.0","0","0","0","--","0:00","0.0","0:00","No","12:00.18.9","1","0.0","00:00:00","00:13:34","--","--"
Running,2022-09-20 18:02:27,false,"York Running","0.40","28","00:02:07.7","179","184","0.8","160","174","5:19","4:41","34","10","1.17","0.0","0.0","0","0","0","0.0","0","0","0.0","0.0","0","0","0","--","0:00","0.0","0:00","No","02:07.72.2","1","0.0","00:02:07","00:02:07.7","44","78"
Running,2022-09-20 17:29:13,false,"York Running","6.50","422","00:31:28","163","194","3.9","165","237","4:50","3:51","166","153","1.26","0.0","0.0","0","0","0","0.0","0","0","0.0","0.0","0","0","0","--","0:00","0.0","0:00","No","02:16.13","7","0.0","00:30:41","00:32:45","3","44"
Running,2022-09-19 11:51:38,false,"York Running","0.34","26","00:01:46.2","182","189","1.0","164","176","5:12","4:50","19","9","1.17","0.0","0.0","0","0","0","0.0","0","0","0.0","0.0","0","0","0","--","0:00","0.0","0:00","No","01:46.22.2","1","0.0","00:01:46","00:01:46.2","34","54"
Running,2022-09-19 11:12:10,false,"York Running","8.01","554","00:38:29","177","198","4.7","172","182","4:48","3:36","173","168","1.21","0.0","0.0","0","0","0","0.0","0","0","0.0","0.0","0","0","0","--","0:00","0.0","0:00","No","00:01.87.8","9","0.0","00:38:24","00:38:46","29","61"
Running,2022-09-18 09:44:22,false,"York Running","12.01","804","01:01:16","162","189","4.6","172","184","5:06","4:18","261","260","1.14","0.0","0.0","0","0","0","0.0","0","0","0.0","0.0","0","0","0","--","0:00","0.0","0:00","No","00:01.92.5","13","0.0","01:00:46","01:02:08","-8","48"
Running,2022-09-15 16:24:30,false,"York Running","4.01","260","00:17:47","166","196","3.6","172","182","4:26","3:46","27","30","1.31","0.0","0.0","0","0","0","0.0","0","0","0.0","0.0","0","0","0","--","0:00","0.0","0:00","No","00:01.51.1","5","0.0","00:17:41","00:19:42","8","25"
Running,2022-09-13 18:13:09,false,"York Running","0.25","20","00:01:23.7","177","186","0.6","160","174","5:33","4:51","--","--","1.13","0.0","0.0","0","0","0","0.0","0","0","0.0","0.0","0","0","0","--","0:00","0.0","0:00","No","01:23.73.3","1","0.0","00:01:23.7","00:01:23.7","21","25"
Running,2022-09-13 17:49:52,false,"York Running","5.01","329","00:22:48","167","196","3.8","173","184","4:33","3:42","26","29","1.27","0.0","0.0","0","0","0","0.0","0","0","0.0","0.0","0","0","0","--","0:00","0.0","0:00","No","00:01.49.1","6","0.0","00:22:46","00:22:48","7","25"
Running,2022-09-12 17:43:26,false,"York Running","0.54","40","00:02:49.3","181","186","1.4","160","174","5:14","4:15","8","--","1.19","0.0","0.0","0","0","0","0.0","0","0","0.0","0.0","0","0","0","--","0:00","0.0","0:00","No","02:49.25","1","0.0","00:02:43","00:02:49.3","13","25"
Running,2022-09-12 17:07:21,false,"York Running","7.00","494","00:33:21","179","200","4.5","167","182","4:46","3:40","36","47","1.26","0.0","0.0","0","0","0","0.0","0","0","0.0","0.0","0","0","0","--","0:00","0.0","0:00","No","04:17.22.5","7","0.0","00:32:50","00:35:14","8","25"
Running,2022-09-08 20:10:04,false,"York Running","0.43","31","00:02:14.3","183","188","1.0","162","170","5:13","5:02","3","--","1.18","0.0","0.0","0","0","0","0.0","0","0","0.0","0.0","0","0","0","--","0:00","0.0","0:00","No","02:14.25.5","1","0.0","00:00:00","00:02:14.3","21","25"
Running,2022-09-08 19:39:01,false,"York Running","6.40","439","00:30:02","173","202","4.3","165","188","4:41","3:12","16","25","1.30","0.0","0.0","0","0","0","0.0","0","0","0.0","0.0","0","0","0","--","0:00","0.0","0:00","No","01:44.20.8","7","0.0","00:00:00","00:30:23","10","24"
Running,2022-09-07 06:00:42,false,"York Running","0.44","32","00:02:29.6","149","153","0.8","162","170","5:43","4:50","--","17","1.08","0.0","0.0","0","0","0","0.0","0","0","0.0","0.0","0","0","0","--","0:00","0.0","0:00","No","02:29.56.7","1","0.0","00:00:00","00:02:29.6","20","40"
Running,2022-09-07 05:46:37,false,"York Running","3.01","184","00:13:20","146","159","3.0","171","186","4:26","3:33","7","13","1.32","0.0","0.0","0","0","0","0.0","0","0","0.0","0.0","0","0","0","--","0:00","0.0","0:00","No","00:02.17.8","4","0.0","00:00:00","00:13:20","13","24"
Running,2022-09-06 06:02:46,false,"York Running","5.01","341","00:25:55","159","194","3.4","169","188","5:11","3:26","26","27","1.14","0.0","0.0","0","0","0","0.0","0","0","0.0","0.0","0","0","0","--","0:00","0.0","0:00","No","00:01.34.7","6","0.0","00:00:00","00:25:55","10","24"
Running,2022-09-02 06:03:44,false,"York Running","7.01","489","00:34:27","177","194","4.1","171","188","4:55","3:36","32","33","1.19","0.0","0.0","0","0","0","0.0","0","0","0.0","0.0","0","0","0","--","0:00","0.0","0:00","No","00:02.00.6","8","0.0","00:00:00","00:34:27","10","26"
Running,2022-08-31 06:00:07,false,"York Running","6.60","428","00:33:36","157","187","3.4","170","182","5:05","4:20","34","35","1.15","0.0","0.0","0","0","0","0.0","0","0","0.0","0.0","0","0","0","--","0:00","0.0","0:00","No","00:00.77.7","9","0.0","00:00:00","00:34:44","11","25"
Running,2022-08-29 12:39:28,false,"York Running","0.43","25","00:01:44.9","141","157","0.9","167","200","4:04","3:44","--","--","1.48","0.0","0.0","0","0","0","0.0","0","0","0.0","0.0","0","0","0","--","0:00","0.0","0:00","No","01:44.85.6","1","0.0","00:00:00","00:01:44.9","9","10"
Running,2022-08-26 18:45:55,false,"York Running","5.39","370","00:25:25","173","198","3.7","166","238","4:43","3:00","30","32","1.27","0.0","0.0","0","0","0","0.0","0","0","0.0","0.0","0","0","0","--","0:00","0.0","0:00","No","01:31.74.8","6","0.0","00:25:10","00:25:25","8","25"
Running,2022-08-25 06:26:45,false,"York Running","2.00","140","00:10:52","151","163","2.3","170","178","5:25","4:28","21","32","1.08","0.0","0.0","0","0","0","0.0","0","0","0.0","0.0","0","0","0","--","0:00","0.0","0:00","No","00:00.41.6","3","0.0","00:10:40","00:10:52","9","33"
Running,2022-08-25 06:18:23,false,"York - 3x 800 (200)","1.53","102","00:07:17.9","159","168","2.2","156","190","4:47","3:15","3","15","1.31","0.0","0.0","0","0","0","0.0","0","0","0.0","0.0","0","0","0","--","0:00","0.0","0:00","No","00:00.67.5","6","0.0","00:06:52.2","00:07:24.0","6","20"
Running,2022-08-25 06:06:06,false,"York Running","2.28","133","00:11:24","143","154","2.1","168","176","5:00","4:31","7","21","1.19","0.0","0.0","0","0","0","0.0","0","0","0.0","0.0","0","0","0","--","0:00","0.0","0:00","No","01:23.97.4","3","0.0","00:11:21","00:11:24","10","24"
Running,2022-08-24 06:09:28,false,"York Running","5.88","436","00:30:06","172","200","4.2","168","178","5:07","4:23","49","49","1.17","0.0","0.0","0","0","0","0.0","0","0","0.0","0.0","0","0","0","--","0:00","0.0","0:00","No","04:32.39","6","0.0","00:29:49","00:30:50","9","33"
Running,2022-08-23 06:28:32,false,"York Running","0.36","26","00:01:57.4","172","188","0.6","158","170","5:29","4:44","--","26","1.15","0.0","0.0","0","0","0","0.0","0","0","0.0","0.0","0","0","0","--","0:00","0.0","0:00","No","01:57.42.4","1","0.0","00:01:57.4","00:01:57.4","22","48"
Running,2022-08-23 06:13:09,false,"York Running","3.01","174","00:14:11","142","197","2.6","169","174","4:43","4:17","17","24","1.26","0.0","0.0","0","0","0","0.0","0","0","0.0","0.0","0","0","0","--","0:00","0.0","0:00","No","00:01.55","5","0.0","00:14:07","00:14:11","13","27"
Running,2022-08-22 06:12:29,false,"York Running","5.01","351","00:24:14","171","200","4.0","166","182","4:50","3:51","26","28","1.25","0.0","0.0","0","0","0","0.0","0","0","0.0","0.0","0","0","0","--","0:00","0.0","0:00","No","00:01.47","6","0.0","00:23:58","00:24:14","10","25"
Strength Training,2022-08-20 18:12:09,false,"Strength","0.00","73","00:14:05","99","118","0.3","0","0","--","--","--","--","0.00","0.0","0.0","0","0","0","0.0","0","0","0.0","0.0","0","0","152","13","0:00","0.0","0:00","No","14:04.65.8","1","0.0","00:05:55.3","00:14:05","--","--"
Running,2022-08-18 06:02:09,false,"York Running","3.49","219","00:16:34","146","174","3.2","168","176","4:45","3:48","15","14","1.26","0.0","0.0","0","0","0","0.0","0","0","0.0","0.0","0","0","0","--","0:00","0.0","0:00","No","02:20.52","4","0.0","00:16:32","00:16:34","14","26"
Running,2022-08-17 06:01:34,false,"York Running","4.01","274","00:19:48","156","199","3.6","167","172","4:56","4:12","16","15","1.22","0.0","0.0","0","0","0","0.0","0","0","0.0","0.0","0","0","0","--","0:00","0.0","0:00","No","00:03.26.7","5","0.0","00:19:47","00:19:48","9","25"
Strength Training,2022-08-16 16:53:10,false,"Strength","0.00","34","00:08:00.4","100","116","0.2","0","0","--","--","--","--","0.00","0.0","0.0","0","0","0","0.0","0","0","0.0","0.0","0","0","81","8","0:00","0.0","0:00","No","08:00.42","1","0.0","00:03:52.6","00:08:00.4","--","--"
